lot_name,spot_num,lat,long
Chidsey,Chidsey_01,35.504261713390484,-80.84452914
Chidsey,Chidsey_02,35.50428245675298,-80.84450366
Chidsey,Chidsey_03,35.50429774133244,-80.84448086
Chidsey,Chidsey_04,35.504318484685626,-80.84446343
Chidsey,Chidsey_05,35.50433813627843,-80.84444599
Chidsey,Chidsey_06,35.50435724198905,-80.84442923
Chidsey,Chidsey_07,35.504373072431555,-80.84441112
Chidsey,Chidsey_08,35.50439108637958,-80.84438497
Chidsey,Chidsey_09,35.50441479151785,-80.84437072
Chidsey,Chidsey_10,35.504436626594504,-80.84435329
Chidsey,Chidsey_11,35.50445518640497,-80.8443325
Chidsey,Chidsey_12,35.504468287445086,-80.84431373
Chidsey,Chidsey_13,35.50449176013662,-80.84429562
Chidsey,Chidsey_14,35.504511411687005,-80.84427685
Chidsey,Chidsey_15,35.504533246737395,-80.84425606
Chidsey,Chidsey_16,35.504554535905804,-80.84423929
Chidsey,Chidsey_17,35.504565999301825,-80.84421448
Chidsey,Chidsey_18,35.504588297052415,-80.8442005
Chidsey,Chidsey_19,35.504617228465186,-80.84419044
Chidsey,Chidsey_20,35.504632512980955,-80.844173
Chidsey,Chidsey_21,35.50464834336918,-80.84415356
Chidsey,Chidsey_22,35.50466581138019,-80.84413545
Chidsey,Chidsey_23,35.504546264603974,-80.84407175
Chidsey,Chidsey_24,35.50452606718585,-80.84408784
Chidsey,Chidsey_25,35.50450532388627,-80.84410595
Chidsey,Chidsey_26,35.50448730996387,-80.84412405
Chidsey,Chidsey_27,35.50446383727107,-80.84414082
Chidsey,Chidsey_28,35.50445201,-80.84416802
Chidsey,Chidsey_29,35.50442581140883,-80.84418076
Chidsey,Chidsey_30,35.50440834334564,-80.84419752
Chidsey,Chidsey_31,35.50438814589283,-80.84421697
Chidsey,Chidsey_32,35.50437013194417,-80.84423373
Chidsey,Chidsey_33,35.504351026236606,-80.84425653
Chidsey,Chidsey_34,35.50433301,-80.84426592
Chidsey,Chidsey_35,35.50431172305247,-80.84429542
Chidsey,Chidsey_36,35.50429249792027,-80.84431195
Chidsey,Chidsey_37,35.50427284631626,-80.84433206
Chidsey,Chidsey_38,35.50425483234173,-80.84435017
Chidsey,Chidsey_39,35.50423572660673,-80.8443676
Chidsey,Chidsey_40,35.50421607498886,-80.84439107
Chidsey,Chidsey_41,35.504192056338276,-80.84440515
Chidsey,Chidsey_42,35.50421825850219,-80.84429854
Chidsey,Chidsey_43,35.504240093632276,-80.84427976
Chidsey,Chidsey_44,35.50426302051248,-80.84426099
Chidsey,Chidsey_45,35.50428158036308,-80.84424288
Chidsey,Chidsey_46,35.50429686494271,-80.84422679
Chidsey,Chidsey_47,35.50431487890783,-80.84420399
Chidsey,Chidsey_48,35.50433485461631,-80.84418524
Chidsey,Chidsey_49,35.50435396032771,-80.84416512
Chidsey,Chidsey_50,35.50437743305263,-80.84414634
Chidsey,Chidsey_51,35.50439326349117,-80.84413025
Chidsey,Chidsey_52,35.50441018568062,-80.84410812
Chidsey,Chidsey_53,35.50443857128072,-80.84409337
Chidsey,Chidsey_54,35.504452764077016,-80.84406923
Chidsey,Chidsey_55,35.504472961513564,-80.84404174
Chidsey,Chidsey_56,35.504500801215094,-80.84404777
Chidsey,Chidsey_57,35.504516085752996,-80.84402028
Chidsey,Chidsey_58,35.504515071830404,-80.84385944
Chidsey,Chidsey_59,35.504497876724834,-80.8438809
Chidsey,Chidsey_60,35.50447440403511,-80.84389833
Chidsey,Chidsey_61,35.50445955341858,-80.84391676
Chidsey,Chidsey_62,35.50443498896397,-80.84393453
Chidsey,Chidsey_63,35.50441642914882,-80.84394995
Chidsey,Chidsey_64,35.504394594066675,-80.84397007
Chidsey,Chidsey_65,35.50437387,-80.84398689
Chidsey,Chidsey_66,35.504360220858935,-80.84400768
Chidsey,Chidsey_67,35.504342206903985,-80.8440288
Chidsey,Chidsey_68,35.50432446588381,-80.84404624
Chidsey,Chidsey_69,35.50429771787676,-80.84406266
Chidsey,Chidsey_70,35.50428151852533,-80.84407691
Chidsey,Chidsey_71,35.50426432336976,-80.84409938
Chidsey,Chidsey_72,35.50424358000261,-80.84411949
Chidsey,Chidsey_73,35.504224474264944,-80.84413592
Chidsey,Chidsey_74,35.50419854504228,-80.84414766
Chidsey,Chidsey_75,35.50418276,-80.84417108
Chidsey,Chidsey_76,35.50416447454271,-80.84419052
Chidsey,Chidsey_77,35.50414018293725,-80.84420628
Chidsey,Chidsey_78,35.50411829660385,-80.84422531
Chidsey,Chidsey_79,35.50410137,-80.84424845
Chidsey,Chidsey_80,35.50404294394233,-80.84411493
Chidsey,Chidsey_81,35.50406696263752,-80.84410017
Chidsey,Chidsey_82,35.50409316484228,-80.84408609
Chidsey,Chidsey_83,35.50411882115945,-80.84407
Chidsey,Chidsey_84,35.50414283983195,-80.84405122
Chidsey,Chidsey_85,35.50416249146776,-80.84403245
PCC,PCC_01,35.5043487,-80.843185
PCC,PCC_02,35.504317,-80.8432275
PCC,PCC_03,35.5043013,-80.8432054
PCC,PCC_04,35.5042866,-80.8431778
PCC,PCC_05,35.5042731,-80.8431552
PCC,PCC_06,35.5042583,-80.8431302
PCC,PCC_07,35.5042469,-80.8431075
PCC,PCC_08,35.5042299,-80.8430807
PCC,PCC_09,35.5042158,-80.8430541
PCC,PCC_10,35.504201,-80.8430324
PCC,PCC_11,35.5041838,-80.8430088
PCC,PCC_12,35.5040195,-80.8427261
PCC,PCC_13,35.5040047,-80.8427018
PCC,PCC_14,35.5039964,-80.842679
PCC,PCC_15,35.5039794,-80.8426535
PCC,PCC_16,35.5039654,-80.8426266
PCC,PCC_17,35.5039531,-80.8426022
PCC,PCC_18,35.5038849,-80.8424775
PCC,PCC_19,35.5038626,-80.8424539
PCC,PCC_20,35.5038048,-80.8423534
PCC,PCC_21,35.5037687,-80.8423295
PCC,PCC_22,35.5037841,-80.8423064
PCC,PCC_23,35.5037632,-80.8422794
PCC,PCC_24,35.5037448,-80.8422547
PCC,PCC_25,35.5037325,-80.8422246
PCC,PCC_26,35.5037113,-80.8421945
PCC,PCC_27,35.5037019,-80.8421659
PCC,PCC_28,35.5036771,-80.8421393
PCC,PCC_29,35.5036571,-80.842117
PCC,PCC_30,35.5036047,-80.84204
PCC,PCC_31,35.5035835,-80.8420187
PCC,PCC_32,35.5034838,-80.8419458
PCC,PCC_33,35.5034565,-80.8419328
PCC,PCC_34,35.5034344,-80.8419234
PCC,PCC_35,35.5034098,-80.8419167
PCC,PCC_36,35.5033875,-80.8419012
PCC,PCC_37,35.5033629,-80.8418882
PCC,PCC_38,35.5033373,-80.8418782
PCC,PCC_39,35.5033098,-80.8418716
PCC,PCC_40,35.503285,-80.8418618
PCC,PCC_41,35.5032628,-80.8418632
PCC,PCC_42,35.5032401,-80.8418632
PCC,PCC_43,35.5031763,-80.8418518
PCC,PCC_44,35.5031516,35.5031516
PCC,PCC_45,35.503125,-80.8418618
PCC,PCC_46,35.5030992,-80.8418623
PCC,PCC_47,35.503073,-80.8418715
PCC,PCC_48,35.5030462,-80.8418754
PCC,PCC_49,35.5030223,-80.8418875
PCC,PCC_50,35.5029999,-80.8419009
PCC,PCC_51,35.5028619,-80.8419719
PCC,PCC_52,35.5028434,-80.8419873
PCC,PCC_53,35.5028211,-80.8420038
PCC,PCC_54,35.5028006,-80.8420206
PCC,PCC_55,35.5027796,-80.8420361
PCC,PCC_56,35.5026008,-80.8421692
PCC,PCC_57,35.5025828,-80.8421828
PCC,PCC_58,35.502561,-80.8421987
PCC,PCC_59,35.502541,-80.8422166
PCC,PCC_60,35.5024854,-80.8422599
PCC,PCC_61,35.5024658,-80.8422739
PCC,PCC_62,35.5024447,-80.8422939
PCC,PCC_63,35.5024241,-80.8423091
PCC,PCC_64,35.5024041,-80.842324
PCC,PCC_65,35.5023801,-80.8423415
PCC,PCC_66,35.50236,-80.8423567
PCC,PCC_67,35.5023387,-80.8423674
PCC,PCC_68,35.5023168,-80.8423821
PCC,PCC_69,35.5022984,-80.8424046
PCC,PCC_70,35.5022813,-80.8424237
PCC,PCC_71,35.5022622,-80.842436
PCC,PCC_72,35.5022391,-80.8424507
Stowe,Stowe_01,35.5004189,-80.8408603
Stowe,Stowe_02,35.5004448,-80.8408433
Stowe,Stowe_03,35.5004574,-80.8408305
Stowe,Stowe_04,35.5004794,-80.8408043
Stowe,Stowe_05,35.5005002,-80.8407882
Stowe,Stowe_06,35.5005215,-80.8407737
Stowe,Stowe_07,35.500541,-80.8407547
Stowe,Stowe_08,35.5005662,-80.8407383
Stowe,Stowe_09,35.5005823,-80.8407212
Stowe,Stowe_10,35.5006024,-80.8407001
Stowe,Stowe_11,35.5006234,-80.8406821
Stowe,Stowe_12,35.500508,-80.8405869
Stowe,Stowe_13,35.5004964,-80.8405591
Stowe,Stowe_14,35.5004833,-80.8405352
Stowe,Stowe_15,35.5004687,-80.8405092
Stowe,Stowe_16,35.5004529,-80.8404892
Stowe,Stowe_17,35.5004361,-80.8404642
Stowe,Stowe_18,35.5004237,-80.840437
Stowe,Stowe_19,35.5004057,-80.8404164
Stowe,Stowe_20,35.5003928,-80.8403899
Stowe,Stowe_21,35.5003805,-80.8403629
Stowe,Stowe_22,35.5003629,-80.8403387
Stowe,Stowe_23,35.5003502,-80.8403162
Stowe,Stowe_24,35.500339,-80.840289
Stowe,Stowe_25,35.50032,-80.8402615
Stowe,Stowe_26,35.5003058,-80.8402417
Stowe,Stowe_27,35.5002619,-80.8401645
Stowe,Stowe_28,35.5002457,-80.8401421
Stowe,Stowe_29,35.500232,-80.8401172
Stowe,Stowe_30,35.5002205,-80.8400902
Stowe,Stowe_31,35.5002056,-80.8400629
Stowe,Stowe_32,35.5001894,-80.8400396
Stowe,Stowe_33,35.5001785,-80.8400151
Stowe,Stowe_34,35.5001639,-80.8399931
Stowe,Stowe_35,35.5001524,-80.8399662
Stowe,Stowe_36,35.5001322,-80.8399438
Stowe,Stowe_37,35.5001242,-80.8399177
Stowe,Stowe_38,35.5001088,-80.8398923
Stowe,Stowe_39,35.5000912,-80.8398678
Stowe,Stowe_40,35.5000754,-80.8398452
Stowe,Stowe_41,35.5000627,-80.8398164
Stowe,Stowe_42,35.5000207,-80.8398562
Stowe,Stowe_43,35.5000373,-80.8398782
Stowe,Stowe_44,35.500049,-80.8399055
Stowe,Stowe_45,35.5000685,-80.8399264
Stowe,Stowe_46,35.5000795,-80.8399558
Stowe,Stowe_47,35.5000951,-80.8399789
Stowe,Stowe_48,35.5001083,-80.8400041
Stowe,Stowe_49,35.5001194,-80.8400304
Stowe,Stowe_50,35.5001356,-80.8400533
Stowe,Stowe_51,35.500151,-80.8400774
Stowe,Stowe_52,35.500164,-80.8401039
Stowe,Stowe_53,35.5001798,-80.8401274
Stowe,Stowe_54,35.5001952,-80.8401507
Stowe,Stowe_55,35.5002085,-80.8401755
Stowe,Stowe_56,35.5002242,-80.840199
Stowe,Stowe_57,35.5002655,-80.8402784
Stowe,Stowe_58,35.5002777,-80.840301
Stowe,Stowe_59,35.5001936,-80.8402827
Stowe,Stowe_60,35.5003043,-80.8403534
Stowe,Stowe_61,35.5003197,-80.8403795
Stowe,Stowe_62,35.5003364,-80.8403999
Stowe,Stowe_63,35.5003493,-80.8404254
Stowe,Stowe_64,35.5003665,-80.8404485
Stowe,Stowe_65,35.5003804,-80.840472
Stowe,Stowe_66,35.5003936,-80.8405002
Stowe,Stowe_67,35.5004092,-80.8405226
Stowe,Stowe_68,35.500426,-80.8405448
Stowe,Stowe_69,35.5004427,-80.8405692
Stowe,Stowe_70,35.5004521,-80.8405944
Stowe,Stowe_71,35.5004656,-80.8406201
Stowe,Stowe_72,35.5003729,-80.840703
Stowe,Stowe_73,35.5003542,-80.8406819
Stowe,Stowe_74,35.5003406,-80.8406552
Stowe,Stowe_75,35.5003249,-80.8406314
Stowe,Stowe_76,35.5003135,-80.8406068
Stowe,Stowe_77,35.5002969,-80.8405811
Stowe,Stowe_78,35.500284,-80.8405566
Stowe,Stowe_79,35.5002711,-80.8405313
Stowe,Stowe_80,35.5002573,-80.8405115
Stowe,Stowe_81,35.5002422,-80.8404862
Stowe,Stowe_82,35.5002271,-80.8404589
Stowe,Stowe_83,35.5002125,-80.8404331
Stowe,Stowe_84,35.5001958,-80.8404097
Stowe,Stowe_85,35.5001815,-80.8403844
Stowe,Stowe_86,35.5001688,-80.8403626
Stowe,Stowe_87,35.5001297,-80.8402843
Stowe,Stowe_88,35.5001117,-80.8402605
Stowe,Stowe_89,35.5000983,-80.8402377
Stowe,Stowe_90,35.5000868,-80.8402086
Stowe,Stowe_91,35.5000775,-80.8401825
Stowe,Stowe_92,35.5000554,-80.8401605
Stowe,Stowe_93,35.5000424,-80.840135
Stowe,Stowe_94,35.5000265,-80.8401135
Stowe,Stowe_95,35.5000142,-80.8400843
Stowe,Stowe_96,35.4999963,-80.840059
Stowe,Stowe_97,35.4999816,-80.8400375
Stowe,Stowe_98,35.4999665,-80.840014
Stowe,Stowe_99,35.4999534,-80.8399898
Stowe,Stowe_100,35.4999423,-80.8399625
Stowe,Stowe_101,35.4999246,-80.839942
Stowe,Stowe_102,35.4998843,-80.8399777
Stowe,Stowe_103,35.4999006,-80.8400018
Stowe,Stowe_104,35.4999137,-80.8400264
Stowe,Stowe_105,35.4999264,-80.8400477
Stowe,Stowe_106,35.4999409,-80.8400734
Stowe,Stowe_107,35.4999584,-80.8400982
Stowe,Stowe_108,35.4999722,-80.8401209
Stowe,Stowe_109,35.499986,-80.840148
Stowe,Stowe_110,35.5,-80.8401749
Stowe,Stowe_111,35.5000173,-80.840197
Stowe,Stowe_112,35.5000296,-80.8402248
Stowe,Stowe_113,35.5000461,-80.840246
Stowe,Stowe_114,35.5000612,-80.8402709
Stowe,Stowe_115,35.5000701,-80.8402992
Stowe,Stowe_116,35.500081,-80.8403289
Stowe,Stowe_117,35.5001326,-80.8403938
Stowe,Stowe_118,35.5001444,-80.8404222
Stowe,Stowe_119,35.5001556,-80.840447
Stowe,Stowe_120,35.5001716,-80.8404719
Stowe,Stowe_121,35.5001867,-80.840494
Stowe,Stowe_122,35.5002007,-80.8405208
Stowe,Stowe_123,35.5002145,-80.8405437
Stowe,Stowe_124,35.5002267,-80.8405693
Stowe,Stowe_125,35.500243,-80.8405912
Stowe,Stowe_126,35.5002587,-80.8406135
Stowe,Stowe_127,35.5002724,-80.8406411
Stowe,Stowe_128,35.5002879,-80.8406643
Stowe,Stowe_129,35.5002995,-80.8406926
Stowe,Stowe_130,35.5003152,-80.8407168
Stowe,Stowe_131,35.500333,-80.8407363
Stowe,Stowe_132,35.5002447,-80.8408509
Stowe,Stowe_133,35.5002319,-80.8408255
Stowe,Stowe_134,35.5002199,-80.8407974
Stowe,Stowe_135,35.5002036,-80.8407744
Stowe,Stowe_136,35.5001907,-80.8407489
Stowe,Stowe_137,35.5001766,-80.8407264
Stowe,Stowe_138,35.5001603,-80.8407025
Stowe,Stowe_139,35.5001469,-80.8406765
Stowe,Stowe_140,35.5001309,-80.8406529
Stowe,Stowe_141,35.5001182,-80.8406276
Stowe,Stowe_142,35.5001007,-80.8406046
Stowe,Stowe_143,35.5000879,-80.84058
Stowe,Stowe_144,35.5000725,-80.8405555
Stowe,Stowe_145,35.5000598,-80.8405289
Stowe,Stowe_146,35.5000425,-80.8405081
Stowe,Stowe_147,35.5000257,-80.8404849
Stowe,Stowe_148,35.4999883,-80.8404084
Stowe,Stowe_149,35.499976,-80.840381
Stowe,Stowe_150,35.4999651,-80.840354
Stowe,Stowe_151,35.4999479,-80.8403301
Stowe,Stowe_152,35.4999313,-80.8403076
Stowe,Stowe_153,35.4999188,-80.8402802
Stowe,Stowe_154,35.4999029,-80.8402561
Stowe,Stowe_155,35.4998891,-80.8402327
Stowe,Stowe_156,35.4998194,-80.8398278
Stowe,Stowe_157,35.4998381,-80.8398104
Stowe,Stowe_158,35.4998598,-80.8397951
Stowe,Stowe_159,35.4998814,-80.8397767
Stowe,Stowe_160,35.4999031,-80.8397588
Stowe,Stowe_161,35.4999178,-80.8397385
Stowe,Stowe_162,35.4999386,-80.8397271
Stowe,Stowe_163,35.4999621,-80.839712
Stowe,Stowe_164,35.4999833,-80.8396947
Stowe,Stowe_165,35.5000023,-80.8396733
Stowe,Stowe_166,35.5000183,-80.8396521
Martin Court,MartinCourt_01,35.5024432,-80.8418331
Martin Court,MartinCourt_02,35.5024294,-80.8418072
Martin Court,MartinCourt_03,35.5024038,-80.8417865
Martin Court,MartinCourt_04,35.5023929,-80.8417602
Martin Court,MartinCourt_05,35.5023742,-80.8417375
Martin Court,MartinCourt_06,35.5023541,-80.8417146
Martin Court,MartinCourt_07,35.502344,-80.8416875
Martin Court,MartinCourt_08,35.5023049,-80.8416301
Martin Court,MartinCourt_09,35.5022899,-80.841609
Martin Court,MartinCourt_10,35.5022728,-80.8415879
Martin Court,MartinCourt_11,35.5022577,-80.8415635
Martin Court,MartinCourt_12,35.5022443,-80.8415392
Martin Court,MartinCourt_13,35.5022242,-80.841514
Martin Court,MartinCourt_14,35.5022115,-80.8414909
Martin Court,MartinCourt_15,35.5021972,-80.8414651
Martin Court,MartinCourt_16,35.5021819,-80.8414411
Martin Court,MartinCourt_17,35.5021685,-80.8414206
Martin Court,MartinCourt_18,35.5021339,-80.8402825
Martin Court,MartinCourt_19,35.5021399,-80.840259
Martin Court,MartinCourt_20,35.5025115,-80.8412622
Martin Court,MartinCourt_21,35.5025303,-80.8412399
Martin Court,MartinCourt_22,35.5025474,-80.8412177
Martin Court,MartinCourt_23,35.5025686,-80.8411985
Martin Court,MartinCourt_24,35.5025872,-80.8411822
Martin Court,MartinCourt_25,35.502612,-80.8411694
Martin Court,MartinCourt_26,35.5026294,-80.8411513
Martin Court,MartinCourt_27,35.5026541,-80.8411401
Martin Court,MartinCourt_28,35.5026762,-80.8411257
Martin Court,MartinCourt_29,35.5027041,-80.8411178
Martin Court,MartinCourt_30,35.5027577,-80.8410881
Martin Court,MartinCourt_31,35.5027842,-80.8410757
Martin Court,MartinCourt_32,35.5028104,-80.841068
Martin Court,MartinCourt_33,35.5028364,-80.841063
Martin Court,MartinCourt_34,35.5028601,-80.8410555
Martin Court,MartinCourt_35,35.5028881,-80.8410485
Martin Court,MartinCourt_36,35.5029773,-80.8410215
Martin Court,MartinCourt_37,35.5030025,-80.8410127
Martin Court,MartinCourt_38,35.5030293,-80.8410115
Martin Court,MartinCourt_39,35.5031474,-80.8409721
Martin Court,MartinCourt_40,35.5031733,-80.8409636
Martin Court,MartinCourt_41,35.5031967,-80.8409516
Martin Court,MartinCourt_42,35.5032214,-80.8409466
Martin Court,MartinCourt_43,35.5032437,-80.8409388
Martin Court,MartinCourt_44,35.5032678,-80.8409304
Martin Court,MartinCourt_45,35.5032913,-80.8409246
Martin Court,MartinCourt_46,35.5033139,-80.8409149
Martin Court,MartinCourt_47,35.5033187,-80.8410662
Martin Court,MartinCourt_48,35.5032934,-80.8410722
Martin Court,MartinCourt_49,35.5032687,-80.8410772
Martin Court,MartinCourt_50,35.5032454,-80.8410893
Martin Court,MartinCourt_51,35.5032205,-80.8410995
Martin Court,MartinCourt_52,35.5031997,-80.8411061
Martin Court,MartinCourt_53,35.5031732,-80.8411082
Martin Court,MartinCourt_54,35.5031908,-80.8411826
Martin Court,MartinCourt_55,35.503215,-80.8411752
Martin Court,MartinCourt_56,35.5032377,-80.8411677
Martin Court,MartinCourt_57,35.5032606,-80.8411596
Martin Court,MartinCourt_58,35.5032843,-80.8411516
Martin Court,MartinCourt_59,35.5033101,-80.8411451
Martin Court,MartinCourt_60,35.503332,-80.8411352
Martin Court,MartinCourt_61,35.5033165,-80.8412911
Martin Court,MartinCourt_62,35.5032916,-80.8413072
Martin Court,MartinCourt_63,35.503271,-80.8413131
Martin Court,MartinCourt_64,35.5032464,-80.8413217
Martin Court,MartinCourt_65,35.5032221,-80.8413311
Martin Court,MartinCourt_66,35.5031978,-80.8413363
Martin Court,MartinCourt_67,35.5031735,-80.8413426
Martin Court,MartinCourt_68,35.5031476,-80.841345
Martin Court,MartinCourt_69,35.5030865,-80.8413215
Armfield ,Armfield_01,35.5012641,-80.8403917
Armfield ,Armfield_02,35.5012411,-80.840372
Armfield ,Armfield_03,35.5012441,-80.840339
Armfield ,Armfield_04,35.5012345,-80.8403126
Armfield ,Armfield_05,35.5012172,-80.8402883
Armfield ,Armfield_06,35.5012048,-80.8402622
Armfield ,Armfield_07,35.5012003,-80.8402338
Armfield ,Armfield_08,35.5011922,-80.8402026
Armfield ,Armfield_09,35.5011729,-80.8401772
Armfield ,Armfield_10,35.5011591,-80.8401537
Armfield ,Armfield_11,35.5011542,-80.8401231
Armfield ,Armfield_12,35.5011405,-80.8400942
Armfield ,Armfield_13,35.5013735,-80.8403491
Armfield ,Armfield_14,35.5013648,-80.8403201
Armfield ,Armfield_15,35.5013554,-80.8402923
Armfield ,Armfield_16,35.5013469,-80.8402645
Armfield ,Armfield_17,35.5013359,-80.8402319
Armfield ,Armfield_18,35.5013246,-80.8402082
Armfield ,Armfield_19,35.5013159,-80.8401825
Armfield ,Armfield_20,35.5013018,-80.8401553
Armfield ,Armfield_21,35.5013413,-80.8400787
Armfield ,Armfield_22,35.5013584,-80.8400598
Armfield ,Armfield_23,35.5013837,-80.8400478
Armfield ,Armfield_24,35.5014058,-80.8400362
Armfield ,Armfield_25,35.5014285,-80.8400218
Armfield ,Armfield_26,35.5014529,-80.8400084
Armfield ,Armfield_27,35.5016876,-80.8398712
Armfield ,Armfield_28,35.5017087,-80.8398581
Armfield ,Armfield_29,35.5017305,-80.8398447
Armfield ,Armfield_30,35.5017535,-80.839832
Armfield ,Armfield_31,35.5017762,-80.83982
Armfield ,Armfield_32,35.5017973,-80.8398082
Armfield ,Armfield_33,35.5018426,-80.8397798
Armfield ,Armfield_34,35.5018663,-80.839765
Armfield ,Armfield_35,35.501889,-80.8397527
Armfield ,Armfield_36,35.5019083,-80.8397396
Armfield ,Armfield_37,35.5019296,-80.8397276
Armfield ,Armfield_38,35.5017754,-80.8395762
Armfield ,Armfield_39,35.5017709,-80.8395482
Armfield ,Armfield_40,35.5017582,-80.839522
Armfield ,Armfield_41,35.5017483,-80.8394956
Armfield ,Armfield_42,35.5017328,-80.8394648
Armfield ,Armfield_43,35.5017262,-80.8394406
Armfield ,Armfield_44,35.5017134,-80.8394131
Armfield ,Armfield_45,35.5017108,-80.8393877
Armfield ,Armfield_46,35.5018706,-80.8394269
Armfield ,Armfield_47,35.5018568,-80.8393982
Armfield ,Armfield_48,35.5018464,-80.8393723
Armfield ,Armfield_49,35.5018365,-80.8393427
Armfield ,Armfield_50,35.501829,-80.8393137
Armfield ,Armfield_51,35.5018102,-80.8392903
Armfield ,Armfield_52,35.5017967,-80.8392688
Armfield ,Armfield_53,35.5017837,-80.8392412
Belk ,Belk_01,35.5017789,-80.8457393
Belk ,Belk_02,35.501804,-80.8457301
Belk ,Belk_03,35.5018276,-80.8457221
Belk ,Belk_04,35.5018511,-80.8457145
Belk ,Belk_05,35.5018723,-80.8457058
Belk ,Belk_06,35.5018963,-80.8456977
Belk ,Belk_07,35.5019172,-80.8456895
Belk ,Belk_08,35.5019387,-80.8456853
Belk ,Belk_09,35.5019616,-80.8456794
Belk ,Belk_10,35.5019843,-80.8456714
Belk ,Belk_11,35.5020099,-80.8456652
Belk ,Belk_12,35.5020285,-80.8456533
Belk ,Belk_13,35.5020554,-80.8456452
Belk ,Belk_14,35.5020771,-80.8456362
Belk ,Belk_15,35.5021011,-80.8456374
Belk ,Belk_16,35.5021237,-80.8456291
Belk ,Belk_17,35.502145,-80.8456192
Belk ,Belk_18,35.5021692,-80.8456162
Belk ,Belk_19,35.5021898,-80.8456078
Belk ,Belk_20,35.5022157,-80.8456115
Belk ,Belk_21,35.5021828,-80.8454566
Belk ,Belk_22,35.5021582,-80.8454677
Belk ,Belk_23,35.5021365,-80.8454742
Belk ,Belk_24,35.5021153,-80.8454791
Belk ,Belk_25,35.5020914,-80.8454876
Belk ,Belk_26,35.5020689,-80.8454936
Belk ,Belk_27,35.5020475,-80.8455039
Belk ,Belk_28,35.5020216,-80.8455089
Belk ,Belk_29,35.5020008,-80.8455168
Belk ,Belk_30,35.5019781,-80.8455215
Belk ,Belk_31,35.5019579,-80.8455284
Belk ,Belk_32,35.5019352,-80.8455354
Belk ,Belk_33,35.5019119,-80.8455418
Belk ,Belk_34,35.5018893,-80.845548
Belk ,Belk_35,35.5018648,-80.8455561
Belk ,Belk_36,35.5018448,-80.8455657
Belk ,Belk_37,35.5018213,-80.8455706
Belk ,Belk_38,35.501797,-80.8455738
Belk ,Belk_39,35.5017843,-80.8454977
Belk ,Belk_40,35.5018053,-80.8454895
Belk ,Belk_41,35.5018264,-80.8454779
Belk ,Belk_42,35.5018501,-80.8454785
Belk ,Belk_43,35.5018724,-80.8454684
Belk ,Belk_44,35.5018944,-80.8454596
Belk ,Belk_45,35.5019165,-80.8454527
Belk ,Belk_46,35.501937,-80.8454452
Belk ,Belk_47,35.5019621,-80.8454385
Belk ,Belk_48,35.5019827,-80.8454305
Belk ,Belk_49,35.502006,-80.8454221
Belk ,Belk_50,35.5020287,-80.8454151
Belk ,Belk_51,35.502052,-80.845409
Belk ,Belk_52,35.5020726,-80.8454022
Belk ,Belk_53,35.502096,-80.8453957
Belk ,Belk_54,35.5021166,-80.8453858
Belk ,Belk_55,35.5021404,-80.8453806
Belk ,Belk_56,35.502163,-80.8453728
Belk ,Belk_57,35.5021345,-80.8452335
Belk ,Belk_58,35.5021112,-80.8452409
Belk ,Belk_59,35.5020886,-80.8452444
Belk ,Belk_60,35.5020663,-80.8452513
Belk ,Belk_61,35.5020437,-80.8452602
Belk ,Belk_62,35.5020228,-80.8452698
Belk ,Belk_63,35.5019991,-80.8452744
Belk ,Belk_64,35.5019774,-80.8452842
Belk ,Belk_65,35.5019544,-80.845289
Belk ,Belk_66,35.5019319,-80.8452931
Belk ,Belk_67,35.5019068,-80.8453009
Belk ,Belk_68,35.5018878,-80.8453086
Belk ,Belk_69,35.5018676,-80.8453134
Belk ,Belk_70,35.5018431,-80.8453215
Belk ,Belk_71,35.5018212,-80.8453298
Belk ,Belk_72,35.5017983,-80.8453346
Belk ,Belk_73,35.5017314,-80.8453655
Belk ,Belk_74,35.5017075,-80.8453713
Belk ,Belk_75,35.5018729,-80.845224
Belk ,Belk_76,35.5018942,-80.8452152
Belk ,Belk_77,35.5019183,-80.8452085
Belk ,Belk_78,35.5019417,-80.8452051
Belk ,Belk_79,35.5019639,-80.8451994
Belk ,Belk_80,35.5019853,-80.8451913
Belk ,Belk_81,35.5020062,-80.8451856
Belk ,Belk_82,35.5020281,-80.8451756
Belk ,Belk_83,35.5020496,-80.8451696
Belk ,Belk_84,35.5020725,-80.8451621
Belk ,Belk_85,35.5020944,-80.8451544